"Phenotype","accuracy"
"B1",1
"B2",0.999642857142857
"B3",1
"B5",1
"B6",1
"B7",1
"B9",1
"B12",1
"Q",1
"LA",1
"MQ",0.999644633972992
"IMV",1
"IDX",1
"Arg",0.999644507643086
"Lys",0.999288002847989
"His",1
"Trp",1
"Tyr",1
"Phe",1
"Chor",0.999644254713625
"Ile",1
"Val",1
"Leu",1
"Ser",1
"Cys",1
"Thr",1
"Met",1
"Pro",1
"Gly",1
"Glu",1
"Gln",1
"Asp",1
"Asn",1
"Butyrate",1
"Propionate",1
"L-Lactate",1
"D-Lactate",1
"Acetate",1
"Formate",1
"Ethanol",0.999289267945984
"Glc",1
"Gal",0.999289267945984
"Tag",0.999289267945984
"Fru",0.999644633972992
"Man",0.999289267945984
"(Man)n",0.999644633972992
"GlcA",1
"GalA",0.993248045486851
"(GlcA)n",0.99680170575693
"(GalA)n",0.992892679459844
"GalNAc",0.999289267945984
"GalN",0.997867803837953
"ManNAc",1
"NANA",1
"ddGlcA",0.999644633972992
"Xyl",0.998223169864961
"XOS",1
"aXyl",0.99680170575693
"Ara",0.998223169864961
"aAOS",1
"bAOS",1
"Fuc",0.999644633972992
"(Fuc)n",0.998933901918977
"FL",1
"Rha",1
"Rhi",1
"Rbs",0.999289267945984
"Gnt",1
"Mal",0.995380241648898
"(Mal)n",0.996090973702914
"Scr",0.995380241648898
"FOS",0.993603411513859
"Tre",1
"GlcNAc",0.998223169864961
"Chb",1
"Lnb",1
"MurNac",0.999289267945984
"Lac",1
"GOS",0.997512437810945
"Aga",0.999644633972992
"Mel",1
"Raf",1
"Bgl",0.998933901918977
"Hyl",1
"All",0.999644633972992
"Mtl",0.997157071783937
"Atl",0.999644633972992
"Xlt",0.998578535891969
"Srl",0.998578535891969
"Gtl",1
"Rtl",1
"Ino",1
"FruAsp",1
"FruLys",1
"GlcLys",1
"PsiLys",0.998933901918977
"Eut_ut",0.999644633972992
"But_ut",1
"PD_ut",1
"Lac_ut",1
"CA_d",0.999644633972992
"BA_t",0.998933901918977
"Urea_d",1
"Pro_d",1
"Thr_d",1
"Met_d",1
"His_d",1
"Lys_d",1
"Trp_d",1
