"Phenotype","accuracy"
"B1",1
"B2",0.999642857142857
"B3",1
"B5",1
"B6",1
"B7",1
"B9",0.998568360773085
"B12",0.999644633972992
"Q",1
"LA",1
"MQ",0.999644633972992
"IMV",1
"IDX",1
"Arg",0.999644507643086
"Lys",0.999644001423994
"His",1
"Trp",1
"Tyr",1
"Phe",1
"Chor",0.998932764140875
"Ile",0.999643112062812
"Val",0.999643112062812
"Leu",1
"Ser",1
"Cys",1
"Thr",1
"Met",0.997860962566845
"Pro",0.999289267945984
"Gly",1
"Glu",0.999289267945984
"Gln",0.999289267945984
"Asp",1
"Asn",1
"Butyrate",1
"Propionate",0.998933901918977
"L-Lactate",1
"D-Lactate",1
"Acetate",1
"Formate",1
"Ethanol",0.999289267945984
"Glc",0.997157071783937
"Gal",0.99680170575693
"Tag",0.998578535891969
"Fru",0.998933901918977
"Man",0.998578535891969
"(Man)n",0.995380241648898
"GlcA",0.994669509594883
"GalA",0.996446339729922
"(GlcA)n",0.997157071783937
"(GalA)n",0.989694385216773
"GalNAc",0.999289267945984
"GalN",0.998223169864961
"ManNAc",0.998223169864961
"NANA",1
"ddGlcA",0.999644633972992
"Xyl",1
"XOS",0.995380241648898
"aXyl",0.995380241648898
"Ara",0.994314143567875
"aAOS",0.998578535891969
"bAOS",1
"Fuc",0.997512437810945
"(Fuc)n",0.998933901918977
"FL",1
"Rha",0.999289267945984
"Rhi",0.995380241648898
"Rbs",1
"Gnt",0.997512437810945
"Mal",0.997157071783937
"(Mal)n",0.992892679459844
"Scr",0.997867803837953
"FOS",0.996446339729922
"Tre",0.998933901918977
"GlcNAc",0.995380241648898
"Chb",0.990405117270789
"Lnb",0.997157071783937
"MurNac",0.999289267945984
"Lac",0.999644633972992
"GOS",0.999289267945984
"Aga",0.999644633972992
"Mel",1
"Raf",0.998578535891969
"Bgl",0.996090973702914
"Hyl",0.999644633972992
"All",1
"Mtl",0.997157071783937
"Atl",1
"Xlt",0.998223169864961
"Srl",0.995024875621891
"Gtl",0.999289267945984
"Rtl",0.998933901918977
"Ino",0.997157071783937
"FruAsp",1
"FruLys",0.997157071783937
"GlcLys",1
"PsiLys",0.997867803837953
"Eut_ut",0.999644633972992
"But_ut",1
"PD_ut",0.999644633972992
"Lac_ut",1
"CA_d",0.999644633972992
"BA_t",0.999289267945984
"Urea_d",1
"Pro_d",1
"Thr_d",1
"Met_d",1
"His_d",0.998578535891969
"Lys_d",0.999644633972992
"Trp_d",1
